<?xml version="1.0" encoding="ISO-8859-1"?>


<!--  This has been customised for SSL-Explorer to allow mapping if the 
      /defaultStyle.css resource alias so it is processed as a JSP page. -->


<!-- ===================================================================== -->
<!-- This file contains the default descriptor for web applications.       -->
<!-- - - - - - - - - - - - - - - - - - - - - - - - - - - - - - - - - - - - -->
<!-- The intent of this descriptor is to include jetty specific or common  -->
<!-- configuration for all webapps.   If a context has a webdefault.xml    -->
<!-- descriptor, it is applied before the contexts own web.xml file        -->
<!--                                                                       -->
<!-- A context may be assigned a default descriptor by:                    -->
<!--  + Allowing the default defaultweb.xml to be applied                  -->
<!--  + Calling WebApplicationContext.setDefaultsDescriptor                -->
<!--  + Passed an arg to addWebApplications                                -->
<!--                                                                       -->
<!-- If a defaults descriptor is set, it is first looked for as a system   -->
<!-- resource. The jetty jar contains a webdefault.xml file as a resource  -->
<!-- at "org/mortbay/jetty/servlet/webdefault.xml".   If a system resource -->
<!-- is not found, then a normal resource is tried, thus a filename or URL -->
<!-- may be used to specify an arbitrary file.                             -->
<!--                                                                       -->
<!-- ===================================================================== -->
<web-app 
   xmlns="http://java.sun.com/xml/ns/j2ee" 
   xmlns:xsi="http://www.w3.org/2001/XMLSchema-instance"
   xsi:schemaLocation="http://java.sun.com/xml/ns/j2ee http://java.sun.com/xml/ns/j2ee/web-app_2_4.xsd" 
   version="2.4"> 

  <description>
    Default web.xml file.  
    This file is applied to a Web application before it's own WEB_INF/web.xml file
  </description>



  <!-- ==================================================================== -->
  <!-- Context params to control Session Cookies                            -->
  <!-- - - - - - - - - - - - - - - - - - - - - - - - - - - - - - - - - - -  -->
  <!-- UNCOMMENT TO ACTIVATE
  <context-param>
    <param-name>org.mortbay.jetty.servlet.SessionDomain</param-name>
    <param-value>127.0.0.1</param-value>
  </context-param>

  <context-param>
    <param-name>org.mortbay.jetty.servlet.SessionPath</param-name>
    <param-value>/</param-value>
  </context-param>

  <context-param>
    <param-name>org.mortbay.jetty.servlet.MaxAge</param-name>
    <param-value>-1</param-value>
  </context-param>
  -->



  <!-- ==================================================================== -->
  <!-- The default servlet.                                                 -->
  <!-- This servlet, normally mapped to /, provides the handling for static -->
  <!-- content, OPTIONS and TRACE methods for the context.                  -->
  <!-- The following initParameters are supported:                          -->
  <!--                                                                      -->
  <!--   acceptRanges     If true, range requests and responses are         -->
  <!--                    supported                                         -->
  <!--                                                                      -->
  <!--   dirAllowed       If true, directory listings are returned if no    -->
  <!--                    welcome file is found. Else 403 Forbidden.        -->
  <!--                                                                      -->
  <!--   putAllowed       If true, the PUT method is allowed                -->
  <!--                                                                      -->
  <!--   delAllowed       If true, the DELETE method is allowed             -->
  <!--                                                                      -->
  <!--   redirectWelcome  If true, redirect welcome file requests           -->
  <!--                    else use request dispatcher forwards              -->
  <!--                                                                      -->
  <!--   minGzipLength    If set to a positive integer, then static content -->
  <!--                    larger than this will be served as gzip content   -->
  <!--                    encoded if a matching resource is found ending    -->
  <!--                    with ".gz"                                        -->
  <!--                                                                      -->
  <!--   resoureBase      Can be set to replace the context resource base   -->
  <!--                                                                      -->
  <!-- The MOVE method is allowed if PUT and DELETE are allowed             -->
  <!-- - - - - - - - - - - - - - - - - - - - - - - - - - - - - - - - - - -  -->
  
  <!-- 
  <servlet>
    <servlet-name>default</servlet-name>
    <servlet-class>org.mortbay.jetty.servlet.Default</servlet-class>
    <init-param>
      <param-name>acceptRanges</param-name>
      <param-value>true</param-value>
    </init-param>
    <init-param>
      <param-name>dirAllowed</param-name>
      <param-value>false</param-value>
    </init-param>
    <init-param>
      <param-name>putAllowed</param-name>
      <param-value>false</param-value>
    </init-param>
    <init-param>
      <param-name>delAllowed</param-name>
      <param-value>false</param-value>
    </init-param>
    <init-param>
      <param-name>redirectWelcome</param-name>
      <param-value>false</param-value>
    </init-param>
    <init-param>
      <param-name>minGzipLength</param-name>
      <param-value>8192</param-value>
    </init-param>
    <load-on-startup>0</load-on-startup>
  </servlet> 

  <servlet-mapping> <servlet-name>default</servlet-name> <url-pattern>/</url-pattern> </servlet-mapping>
  -->
  

  <!-- ==================================================================== -->
  <!-- JSP Servlet                                                          -->
  <!-- This is the jasper JSP servlet from the jakarta project              -->
  <!-- - - - - - - - - - - - - - - - - - - - - - - - - - - - - - - - - - -  -->
  <!-- The JSP page compiler and execution servlet, which is the mechanism  -->
  <!-- used by Tomcat to support JSP pages.  Traditionally, this servlet    -->
  <!-- is mapped to URL patterh "*.jsp".  This servlet supports the         -->
  <!-- following initialization parameters (default values are in square    -->
  <!-- brackets):                                                           -->
  <!--                                                                      -->
  <!--   checkInterval       If development is false and reloading is true, -->
  <!--                       background compiles are enabled. checkInterval -->
  <!--                       is the time in seconds between checks to see   -->
  <!--                       if a JSP page needs to be recompiled. [300]    -->
  <!--                                                                      -->
  <!--   compiler            Which compiler Ant should use to compile JSP   -->
  <!--                       pages.  See the Ant documenation for more      -->
  <!--                       information. [javac]                           -->
  <!--                                                                      -->
  <!--   classdebuginfo      Should the class file be compiled with         -->
  <!--                       debugging information?  [true]                 -->
  <!--                                                                      -->
  <!--   classpath           What class path should I use while compiling   -->
  <!--                       generated servlets?  [Created dynamically      -->
  <!--                       based on the current web application]          -->
  <!--                                                                      -->
  <!--   development         Is Jasper used in development mode (will check -->
  <!--                       for JSP modification on every access)?  [true] -->
  <!--                                                                      -->
  <!--   enablePooling       Determines whether tag handler pooling is      -->
  <!--                       enabled  [true]                                -->
  <!--                                                                      -->
  <!--   fork                Tell Ant to fork compiles of JSP pages so that -->
  <!--                       a separate JVM is used for JSP page compiles   -->
  <!--                       from the one Tomcat is running in. [true]      -->
  <!--                                                                      -->
  <!--   ieClassId           The class-id value to be sent to Internet      -->
  <!--                       Explorer when using <jsp:plugin> tags.         -->
  <!--                       [clsid:8AD9C840-044E-11D1-B3E9-00805F499D93]   -->
  <!--                                                                      -->
  <!--   javaEncoding        Java file encoding to use for generating java  -->
  <!--                       source files. [UTF8]                           -->
  <!--                                                                      -->
  <!--   keepgenerated       Should we keep the generated Java source code  -->
  <!--                       for each page instead of deleting it? [true]   -->
  <!--                                                                      -->
  <!--   logVerbosityLevel   The level of detailed messages to be produced  -->
  <!--                       by this servlet.  Increasing levels cause the  -->
  <!--                       generation of more messages.  Valid values are -->
  <!--                       FATAL, ERROR, WARNING, INFORMATION, and DEBUG. -->
  <!--                       [WARNING]                                      -->
  <!--                                                                      -->
  <!--   mappedfile          Should we generate static content with one     -->
  <!--                       print statement per input line, to ease        -->
  <!--                       debugging?  [false]                            -->
  <!--                                                                      -->
  <!--                                                                      -->
  <!--   reloading           Should Jasper check for modified JSPs?  [true] -->
  <!--                                                                      -->
  <!--   suppressSmap        Should the generation of SMAP info for JSR45   -->
  <!--                       debugging be suppressed?  [false]              -->
  <!--                                                                      -->
  <!--   dumpSmap            Should the SMAP info for JSR45 debugging be    -->
  <!--                       dumped to a file? [false]                      -->
  <!--                       False if suppressSmap is true                  -->
  <!--                                                                      -->
  <!--   scratchdir          What scratch directory should we use when      -->
  <!--                       compiling JSP pages?  [default work directory  -->
  <!--                       for the current web application]               -->
  <!--                                                                      -->
  <!--   tagpoolMaxSize      The maximum tag handler pool size  [5]         -->
  <!--                                                                      -->
  <!--   xpoweredBy          Determines whether X-Powered-By response       -->
  <!--                       header is added by generated servlet  [false]  -->
  <!--                                                                      -->
  <!-- If you wish to use Jikes to compile JSP pages:                       -->
  <!--   Set the init parameter "compiler" to "jikes".  Define              -->
  <!--   the property "-Dbuild.compiler.emacs=true" when starting Jetty     -->
  <!--   to cause Jikes to emit error messages in a format compatible with  -->
  <!--   Jasper.                                                            -->
  <!--   If you get an error reporting that jikes can't use UTF8 encoding,  -->
  <!--   try setting the init parameter "javaEncoding" to "ISO-8859-1".     -->
  <!-- - - - - - - - - - - - - - - - - - - - - - - - - - - - - - - - - - -  -->
  <servlet>
    <servlet-name>jsp</servlet-name>
    <servlet-class>org.apache.jasper.servlet.JspServlet</servlet-class>
    <init-param>
        <param-name>logVerbosityLevel</param-name>
        <param-value>DEBUG</param-value>
    </init-param>
    <init-param>
        <param-name>fork</param-name>
        <param-value>false</param-value>
    </init-param>
    <init-param>
        <param-name>xpoweredBy</param-name>
        <param-value>false</param-value>
    </init-param>
    <load-on-startup>99</load-on-startup>
  </servlet>

  <servlet-mapping> <servlet-name>jsp</servlet-name> <url-pattern>*.jsp</url-pattern> </servlet-mapping>
  <servlet-mapping> <servlet-name>jsp</servlet-name> <url-pattern>/defaultStyle.css</url-pattern> </servlet-mapping>
  <servlet-mapping> <servlet-name>jsp</servlet-name> <url-pattern>*.jspf</url-pattern> </servlet-mapping>
  <servlet-mapping> <servlet-name>jsp</servlet-name> <url-pattern>*.jspx</url-pattern> </servlet-mapping>
  <servlet-mapping> <servlet-name>jsp</servlet-name> <url-pattern>*.xsp</url-pattern> </servlet-mapping>


  <!-- ==================================================================== -->
  <!-- Dynamic Servlet Invoker.                                             -->
  <!-- This servlet invokes anonymous servlets that have not been defined   -->
  <!-- in the web.xml or by other means. The first element of the pathInfo  -->
  <!-- of a request passed to the envoker is treated as a servlet name for  -->
  <!-- an existing servlet, or as a class name of a new servlet.            -->
  <!-- This servlet is normally mapped to /servlet/*                        -->
  <!-- This servlet support the following initParams:                       -->
  <!--                                                                      -->
  <!--  nonContextServlets       If false, the invoker can only load        -->
  <!--                           servlets from the contexts classloader.    -->
  <!--                           This is false by default and setting this  -->
  <!--                           to true may have security implications.    -->
  <!--                                                                      -->
  <!--  verbose                  If true, log dynamic loads                 -->
  <!--                                                                      -->
  <!--  *                        All other parameters are copied to the     -->
  <!--                           each dynamic servlet as init parameters    -->
  <!-- - - - - - - - - - - - - - - - - - - - - - - - - - - - - - - - - - -  -->
  <!-- Uncomment for dynamic invocation
  <servlet>
    <servlet-name>invoker</servlet-name>
    <servlet-class>org.mortbay.jetty.servlet.Invoker</servlet-class>
    <init-param>
      <param-name>verbose</param-name>
      <param-value>false</param-value>
    </init-param>
    <init-param>
      <param-name>nonContextServlets</param-name>
      <param-value>false</param-value>
    </init-param>
    <init-param>
      <param-name>dynamicParam</param-name>
      <param-value>anyValue</param-value>
    </init-param>
    <load-on-startup>0</load-on-startup>
  </servlet>

  <servlet-mapping> <servlet-name>invoker</servlet-name> <url-pattern>/servlet/*</url-pattern> </servlet-mapping>
  -->



  <!-- ==================================================================== -->
  <session-config>
    <session-timeout>30</session-timeout>
  </session-config>

  <!-- ==================================================================== -->
  <!-- Default MIME mappings                                                -->
  <!-- The default MIME mappings are provided by the mime.properties        -->
  <!-- resource in the org.mortbay.jetty.jar file.  Additional or modified  -->
  <!-- mappings may be specified here                                       -->
  <!-- - - - - - - - - - - - - - - - - - - - - - - - - - - - - - - - - - -  -->
  <!-- UNCOMMENT TO ACTIVATE
  <mime-mapping>
    <extension>mysuffix</extension>
    <mime-type>mymime/type</mime-type>
  </mime-mapping>
  -->

  <!-- ==================================================================== -->
  <welcome-file-list>
    <welcome-file>index.html</welcome-file>
    <welcome-file>index.htm</welcome-file>
    <welcome-file>index.jsp</welcome-file>
  </welcome-file-list>

  <!-- ==================================================================== -->
  <locale-encoding-mapping-list>
    <locale-encoding-mapping><locale>ar</locale><encoding>ISO-8859-6</encoding></locale-encoding-mapping>
    <locale-encoding-mapping><locale>be</locale><encoding>ISO-8859-5</encoding></locale-encoding-mapping>
    <locale-encoding-mapping><locale>bg</locale><encoding>ISO-8859-5</encoding></locale-encoding-mapping>
    <locale-encoding-mapping><locale>ca</locale><encoding>ISO-8859-1</encoding></locale-encoding-mapping>
    <locale-encoding-mapping><locale>cs</locale><encoding>ISO-8859-2</encoding></locale-encoding-mapping>
    <locale-encoding-mapping><locale>da</locale><encoding>ISO-8859-1</encoding></locale-encoding-mapping>
    <locale-encoding-mapping><locale>de</locale><encoding>ISO-8859-1</encoding></locale-encoding-mapping>
    <locale-encoding-mapping><locale>el</locale><encoding>ISO-8859-7</encoding></locale-encoding-mapping>
    <locale-encoding-mapping><locale>en</locale><encoding>ISO-8859-1</encoding></locale-encoding-mapping>
    <locale-encoding-mapping><locale>es</locale><encoding>ISO-8859-1</encoding></locale-encoding-mapping>
    <locale-encoding-mapping><locale>et</locale><encoding>ISO-8859-1</encoding></locale-encoding-mapping>
    <locale-encoding-mapping><locale>fi</locale><encoding>ISO-8859-1</encoding></locale-encoding-mapping>
    <locale-encoding-mapping><locale>fr</locale><encoding>ISO-8859-1</encoding></locale-encoding-mapping>
    <locale-encoding-mapping><locale>hr</locale><encoding>ISO-8859-2</encoding></locale-encoding-mapping>
    <locale-encoding-mapping><locale>hu</locale><encoding>ISO-8859-2</encoding></locale-encoding-mapping>
    <locale-encoding-mapping><locale>is</locale><encoding>ISO-8859-1</encoding></locale-encoding-mapping>
    <locale-encoding-mapping><locale>it</locale><encoding>ISO-8859-1</encoding></locale-encoding-mapping>
    <locale-encoding-mapping><locale>iw</locale><encoding>ISO-8859-8</encoding></locale-encoding-mapping>
    <locale-encoding-mapping><locale>ja</locale><encoding>Shift_JIS</encoding></locale-encoding-mapping>
    <locale-encoding-mapping><locale>ko</locale><encoding>EUC-KR</encoding></locale-encoding-mapping>     
    <locale-encoding-mapping><locale>lt</locale><encoding>ISO-8859-2</encoding></locale-encoding-mapping>
    <locale-encoding-mapping><locale>lv</locale><encoding>ISO-8859-2</encoding></locale-encoding-mapping>
    <locale-encoding-mapping><locale>mk</locale><encoding>ISO-8859-5</encoding></locale-encoding-mapping>
    <locale-encoding-mapping><locale>nl</locale><encoding>ISO-8859-1</encoding></locale-encoding-mapping>
    <locale-encoding-mapping><locale>no</locale><encoding>ISO-8859-1</encoding></locale-encoding-mapping>
    <locale-encoding-mapping><locale>pl</locale><encoding>ISO-8859-2</encoding></locale-encoding-mapping>
    <locale-encoding-mapping><locale>pt</locale><encoding>ISO-8859-1</encoding></locale-encoding-mapping>
    <locale-encoding-mapping><locale>ro</locale><encoding>ISO-8859-2</encoding></locale-encoding-mapping>
    <locale-encoding-mapping><locale>ru</locale><encoding>ISO-8859-5</encoding></locale-encoding-mapping>
    <locale-encoding-mapping><locale>sh</locale><encoding>ISO-8859-5</encoding></locale-encoding-mapping>
    <locale-encoding-mapping><locale>sk</locale><encoding>ISO-8859-2</encoding></locale-encoding-mapping>
    <locale-encoding-mapping><locale>sl</locale><encoding>ISO-8859-2</encoding></locale-encoding-mapping>
    <locale-encoding-mapping><locale>sq</locale><encoding>ISO-8859-2</encoding></locale-encoding-mapping>
    <locale-encoding-mapping><locale>sr</locale><encoding>ISO-8859-5</encoding></locale-encoding-mapping>
    <locale-encoding-mapping><locale>sv</locale><encoding>ISO-8859-1</encoding></locale-encoding-mapping>
    <locale-encoding-mapping><locale>tr</locale><encoding>ISO-8859-9</encoding></locale-encoding-mapping>
    <locale-encoding-mapping><locale>uk</locale><encoding>ISO-8859-5</encoding></locale-encoding-mapping>
    <locale-encoding-mapping><locale>zh</locale><encoding>GB2312</encoding></locale-encoding-mapping>
    <locale-encoding-mapping><locale>zh_TW</locale><encoding>Big5</encoding></locale-encoding-mapping>   
  </locale-encoding-mapping-list>

  
  <!-- ==================================================================== -->
  <!-- JSR154 Stupidness                                                    -->
  <!-- This filter implements some of the JSR154 (servlet 2.4) "features",  -->
  <!-- which are rather stupid and expensive to implement. Thus they are    -->
  <!-- not included in the core Jetty architecture.   It is HIGHLY          -->
  <!-- RECOMMENDED that this filter NOT be used, unless you need:           -->
  <!--    RequestAttributeListeners - If you actually have a real use for   -->
  <!--       these, please tell the jetty lists what they are and why you   -->
  <!--       can't use a normal filter/wrapper for this?                    -->
  <!--    SRV.6.2.2 Dispatachers  - where the container cannot wrap the     -->
  <!--       request or response. See                                       -->
  <!--       http://jetty.mortbay.org/jetty/doc/servlet24.html#d0e711       -->
  <!--       to find out why this is stupid.                                -->
  <!-- - - - - - - - - - - - - - - - - - - - - - - - - - - - - - - - - - -  -->
  <!-- UNCOMMENT For compliant behaviour
  <filter>
    <filter-name>jsr154</filter-name>
    <filter-class>org.mortbay.jetty.servlet.JSR154Filter</filter-class>
    <init-param><param-name>unwrappedDispatch</param-name><param-value>true</param-value></init-param>
  </filter>
  <filter-mapping>
      <filter-name>jsr154</filter-name>
      <url-pattern>/*</url-pattern>
      <dispatcher>REQUEST</dispatcher>
      <dispatcher>FORWARD</dispatcher>
      <dispatcher>INCLUDE</dispatcher>
  </filter-mapping>
  -->
  
</web-app>

