<?xml version="1.0" encoding="UTF-8"?>

<module name="commons-vfs">
    <description>Commons VFS</description>
    <url href="http://jakarta.apache.org/commons/vfs/"/>
    <cvs module="jakarta-commons/vfs" repository="jakarta"/>
    <project name="commons-vfs">
        <ant buildfile="build.xml" target="dist">
            <property name="final.name" value="commons-vfs-@@DATE@@"/>
        </ant>
        <package>org.apache.commons.vfs</package>
        <depend project="ant"/>
        <depend project="junit"/>
        <depend project="xml-xerces"/>
        <depend project="commons-logging"/>
        <depend project="commons-collections"/>
        <depend project="commons-compress"/>
        <option project="commons-httpclient-2.0-branch"/>
        <option project="commons-net"/>
        <option project="slide-webdavclient" ids="client-webdavlib"/>
        <option project="jcifs"/>
        <option project="jsch"/>

        <work nested="target/classes"/>
        <home nested="target"/>
        <jar name="commons-vfs-@@DATE@@.jar"/>
        <javadoc module="jakarta-commons" nested="target/docs/apidocs"/>
        <nag to="commons-dev@jakarta.apache.org" from="commons-vfs development &lt;commons-dev@jakarta.apache.org&gt;"/>
    </project>
</module>